[1,["ecpdLyjvZBwrvm+cedCcQy","05bop8Pk5KEaHu739jRMVv","d4wvmvK9pGmrmfqM2rsqNL","5aH34C+NFOh5jppyrGq74R","97AlhPOdpLJ5NMyh924Z+W","a2JIV5pOlFZLlYwJg9OfN6","0cCpKjAHhIq6JpeN/GnSEr"],["node","_textureSetter","_spriteFrame","lbProgress","progressBar","lb_Info","scene","_parent"],[["cc.Node",["_name","_id","_components","_contentSize","_parent","_children","_trs","_color"],1,9,5,1,2,7,5],"cc.SpriteFrame",["cc.Widget",["_alignFlags","_bottom","_originalWidth","_originalHeight","node"],-1,1],["cc.Sprite",["_type","_sizeMode","node","_materials","_spriteFrame"],1,1,3,6],["cc.Node",["_name","_parent","_components","_contentSize","_trs"],2,1,2,5,7],["cc.Label",["_string","_N$horizontalAlign","_N$verticalAlign","_fontSize","node","_materials"],-1,1,3],["cc.SceneAsset",["_name","asyncLoadAssets"],1],["cc.Canvas",["node","_designResolution"],3,1,5],["c97b66Ke1FKVrdgNywZdjk8",["node","lb_Info","progressBar","lbProgress"],3,1,1,1,1],["cc.Scene",["_name","_children","_anchorPoint","_trs"],2,2,5,7],["cc.Camera",["_clearFlags","_depth","node"],1,1]],[[4,0,1,2,3,4,2],[6,0,1,3],[0,0,1,5,2,3,6,3],[0,0,4,5,2,3,6,2],[0,0,4,2,7,3,2],[0,0,4,2,2],[4,0,1,2,3,2],[7,0,1,1],[2,0,4,2],[2,0,1,4,3],[2,0,2,3,4,4],[8,0,1,2,3,1],[3,2,3,4,1],[3,0,1,2,3,4,3],[3,0,1,2,3,3],[9,0,1,2,3,2],[10,0,1,2,3],[5,0,1,2,4,5,4],[5,0,3,1,2,4,5,5]],[[[{"name":"loadon","rect":[0,0,606,35],"offset":[0,0],"originalSize":[606,35],"capInsets":[0,0,0,0]}],[1],0,[0],[1],[1]],[[{"name":"bg","rect":[0,0,1280,720],"offset":[0,0],"originalSize":[1280,720],"capInsets":[0,0,0,0]}],[1],0,[0],[1],[2]],[[{"name":"loadoff","rect":[0,0,624,53],"offset":[0,0],"originalSize":[624,53],"capInsets":[0,0,0,0]}],[1],0,[0],[1],[3]],[[[1,"load",null],[2,"Canvas","44tsQAId1PrIfHfufJeXHI",[-7,-8,-9,-10],[[7,-1,[5,1560,720]],[8,45,-2],[11,-6,-5,-4,-3]],[5,1560,720],[780,360,0,0,0,0,1,1,1,1]],[3,"loadoff",1,[-13,-14],[[12,-11,[5],6],[9,4,120,-12]],[5,624,53],[0,-213.5,0,0,0,0,1,1,1,1]],[4,"Bkg",1,[[13,1,0,-15,[0],1],[10,45,20,20,-16]],[4,4290295992],[5,1560,720]],[15,"New Node",[1],[0,0,0],[0,0,0,0,0,0,1,1,1,1]],[5,"Main Camera",1,[[16,7,-1,-17]]],[6,"New Label",1,[-18],[5,97.87,50.4]],[17,"Label",1,1,6,[2]],[0,"loadon",2,[-19],[5,606,35],[0,-1.257,0,0,0,0,1,1,1,1]],[14,3,0,8,[3]],[0,"lbPer",2,[-20],[5,81.84,50.4],[0,-1.128,0,0,0,0,1,1,1,1]],[18,"100%",32,1,1,10,[4]]],0,[0,0,1,0,0,1,0,3,11,0,4,9,0,5,7,0,0,1,0,-1,5,0,-2,3,0,-3,6,0,-4,2,0,0,2,0,0,2,0,-1,8,0,-2,10,0,0,3,0,0,3,0,0,5,0,-1,7,0,-1,9,0,-1,11,0,6,4,1,7,4,20],[0,0,0,0,0,0,0,9],[-1,2,-1,-1,-1,-1,2,2],[0,4,0,0,0,0,5,6]]]]