[1,["ecpdLyjvZBwrvm+cedCcQy","05bop8Pk5KEaHu739jRMVv","d4wvmvK9pGmrmfqM2rsqNL","5aH34C+NFOh5jppyrGq74R","97AlhPOdpLJ5NMyh924Z+W","a2JIV5pOlFZLlYwJg9OfN6","0cCpKjAHhIq6JpeN/GnSEr"],["node","_textureSetter","_spriteFrame","lbProgress","progressBar","scene","_parent"],[["cc.Node",["_name","_id","_active","_components","_contentSize","_parent","_children","_trs","_color"],0,9,5,1,2,7,5],"cc.SpriteFrame",["cc.Widget",["_alignFlags","_bottom","_originalWidth","_originalHeight","node"],-1,1],["cc.Sprite",["_type","_sizeMode","node","_materials","_spriteFrame"],1,1,3,6],["cc.Label",["_string","_N$horizontalAlign","_N$verticalAlign","_fontSize","node","_materials"],-1,1,3],["cc.SceneAsset",["_name","asyncLoadAssets"],1],["cc.Node",["_name","_parent","_components","_contentSize","_trs"],2,1,12,5,7],["cc.Node",["_name","_parent","_components","_contentSize","_trs"],2,1,2,5,7],["cc.Canvas",["node","_designResolution"],3,1,5],["c97b66Ke1FKVrdgNywZdjk8",["node","progressBar","lbProgress"],3,1,1,1],["cc.LabelOutline",["node","_color"],3,1,5],["cc.Scene",["_name","_children","_anchorPoint","_trs"],2,2,5,7],["cc.Camera",["_clearFlags","_depth","node"],1,1]],[[5,0,1,3],[0,0,1,6,3,4,7,3],[0,0,5,6,3,4,7,2],[0,0,5,3,8,4,2],[0,0,5,3,2],[0,0,2,5,3,4,3],[6,0,1,2,3,4,2],[7,0,1,2,3,4,2],[8,0,1,1],[2,0,4,2],[2,0,1,4,3],[2,0,2,3,4,4],[9,0,1,2,1],[3,2,3,4,1],[3,0,1,2,3,4,3],[3,0,1,2,3,3],[10,0,1,1],[11,0,1,2,3,2],[12,0,1,2,3],[4,0,1,2,4,5,4],[4,0,3,1,2,4,5,5]],[[[{"name":"loadon","rect":[0,0,606,35],"offset":[0,0],"originalSize":[606,35],"capInsets":[0,0,0,0]}],[1],0,[0],[1],[1]],[[{"name":"bg","rect":[0,0,1280,720],"offset":[0,0],"originalSize":[1280,720],"capInsets":[0,0,0,0]}],[1],0,[0],[1],[2]],[[{"name":"loadoff","rect":[0,0,624,53],"offset":[0,0],"originalSize":[624,53],"capInsets":[0,0,0,0]}],[1],0,[0],[1],[3]],[[[0,"load",null],[1,"Canvas","44tsQAId1PrIfHfufJeXHI",[-6,-7,-8,-9],[[8,-1,[5,1560,720]],[9,45,-2],[12,-5,-4,-3]],[5,1560,720],[780,360,0,0,0,0,1,1,1,1]],[2,"loadoff",1,[-12,-13],[[13,-10,[5],6],[10,4,120,-11]],[5,624,53],[0,-213.5,0,0,0,0,1,1,1,1]],[3,"Bkg",1,[[14,1,0,-14,[0],1],[11,45,20,20,-15]],[4,4290295992],[5,1560,720]],[6,"lbPer",2,[[-16,[16,-17,[4,4278190080]]],1,4],[5,83.84,52.4],[0,-1.128,0,0,0,0,1,1,1,1]],[17,"New Node",[1],[0,0,0],[0,0,0,0,0,0,1,1,1,1]],[4,"Main Camera",1,[[18,7,-1,-18]]],[5,"New Label",false,1,[[19,"Label",1,1,-19,[2]]],[5,97.87,50.4]],[7,"loadon",2,[-20],[5,606,35],[0,-1.257,0,0,0,0,1,1,1,1]],[15,3,0,8,[3]],[20,"100%",32,1,1,4,[4]]],0,[0,0,1,0,0,1,0,3,10,0,4,9,0,0,1,0,-1,6,0,-2,3,0,-3,7,0,-4,2,0,0,2,0,0,2,0,-1,8,0,-2,4,0,0,3,0,0,3,0,-1,10,0,0,4,0,0,6,0,0,7,0,-1,9,0,5,5,1,6,5,20],[0,0,0,0,0,0,0,9],[-1,2,-1,-1,-1,-1,2,2],[0,4,0,0,0,0,5,6]]]]